pathway_id,pathway_name,description
PATH0001,Biological Pathway 1,"Pathway 1 involved in cellular signaling, metabolism, and disease mechanisms."
PATH0002,Biological Pathway 2,"Pathway 2 involved in cellular signaling, metabolism, and disease mechanisms."
PATH0003,Biological Pathway 3,"Pathway 3 involved in cellular signaling, metabolism, and disease mechanisms."
PATH0004,Biological Pathway 4,"Pathway 4 involved in cellular signaling, metabolism, and disease mechanisms."
PATH0005,Biological Pathway 5,"Pathway 5 involved in cellular signaling, metabolism, and disease mechanisms."
PATH0006,Biological Pathway 6,"Pathway 6 involved in cellular signaling, metabolism, and disease mechanisms."
PATH0007,Biological Pathway 7,"Pathway 7 involved in cellular signaling, metabolism, and disease mechanisms."
PATH0008,Biological Pathway 8,"Pathway 8 involved in cellular signaling, metabolism, and disease mechanisms."
PATH0009,Biological Pathway 9,"Pathway 9 involved in cellular signaling, metabolism, and disease mechanisms."
PATH0010,Biological Pathway 10,"Pathway 10 involved in cellular signaling, metabolism, and disease mechanisms."
PATH0011,Biological Pathway 11,"Pathway 11 involved in cellular signaling, metabolism, and disease mechanisms."
PATH0012,Biological Pathway 12,"Pathway 12 involved in cellular signaling, metabolism, and disease mechanisms."
PATH0013,Biological Pathway 13,"Pathway 13 involved in cellular signaling, metabolism, and disease mechanisms."
PATH0014,Biological Pathway 14,"Pathway 14 involved in cellular signaling, metabolism, and disease mechanisms."
PATH0015,Biological Pathway 15,"Pathway 15 involved in cellular signaling, metabolism, and disease mechanisms."
PATH0016,Biological Pathway 16,"Pathway 16 involved in cellular signaling, metabolism, and disease mechanisms."
PATH0017,Biological Pathway 17,"Pathway 17 involved in cellular signaling, metabolism, and disease mechanisms."
PATH0018,Biological Pathway 18,"Pathway 18 involved in cellular signaling, metabolism, and disease mechanisms."
PATH0019,Biological Pathway 19,"Pathway 19 involved in cellular signaling, metabolism, and disease mechanisms."
PATH0020,Biological Pathway 20,"Pathway 20 involved in cellular signaling, metabolism, and disease mechanisms."
PATH0021,Biological Pathway 21,"Pathway 21 involved in cellular signaling, metabolism, and disease mechanisms."
PATH0022,Biological Pathway 22,"Pathway 22 involved in cellular signaling, metabolism, and disease mechanisms."
PATH0023,Biological Pathway 23,"Pathway 23 involved in cellular signaling, metabolism, and disease mechanisms."
PATH0024,Biological Pathway 24,"Pathway 24 involved in cellular signaling, metabolism, and disease mechanisms."
PATH0025,Biological Pathway 25,"Pathway 25 involved in cellular signaling, metabolism, and disease mechanisms."
PATH0026,Biological Pathway 26,"Pathway 26 involved in cellular signaling, metabolism, and disease mechanisms."
PATH0027,Biological Pathway 27,"Pathway 27 involved in cellular signaling, metabolism, and disease mechanisms."
PATH0028,Biological Pathway 28,"Pathway 28 involved in cellular signaling, metabolism, and disease mechanisms."
PATH0029,Biological Pathway 29,"Pathway 29 involved in cellular signaling, metabolism, and disease mechanisms."
PATH0030,Biological Pathway 30,"Pathway 30 involved in cellular signaling, metabolism, and disease mechanisms."
PATH0031,Biological Pathway 31,"Pathway 31 involved in cellular signaling, metabolism, and disease mechanisms."
PATH0032,Biological Pathway 32,"Pathway 32 involved in cellular signaling, metabolism, and disease mechanisms."
PATH0033,Biological Pathway 33,"Pathway 33 involved in cellular signaling, metabolism, and disease mechanisms."
PATH0034,Biological Pathway 34,"Pathway 34 involved in cellular signaling, metabolism, and disease mechanisms."
PATH0035,Biological Pathway 35,"Pathway 35 involved in cellular signaling, metabolism, and disease mechanisms."
PATH0036,Biological Pathway 36,"Pathway 36 involved in cellular signaling, metabolism, and disease mechanisms."
PATH0037,Biological Pathway 37,"Pathway 37 involved in cellular signaling, metabolism, and disease mechanisms."
PATH0038,Biological Pathway 38,"Pathway 38 involved in cellular signaling, metabolism, and disease mechanisms."
PATH0039,Biological Pathway 39,"Pathway 39 involved in cellular signaling, metabolism, and disease mechanisms."
PATH0040,Biological Pathway 40,"Pathway 40 involved in cellular signaling, metabolism, and disease mechanisms."
PATH0041,Biological Pathway 41,"Pathway 41 involved in cellular signaling, metabolism, and disease mechanisms."
PATH0042,Biological Pathway 42,"Pathway 42 involved in cellular signaling, metabolism, and disease mechanisms."
PATH0043,Biological Pathway 43,"Pathway 43 involved in cellular signaling, metabolism, and disease mechanisms."
PATH0044,Biological Pathway 44,"Pathway 44 involved in cellular signaling, metabolism, and disease mechanisms."
PATH0045,Biological Pathway 45,"Pathway 45 involved in cellular signaling, metabolism, and disease mechanisms."
PATH0046,Biological Pathway 46,"Pathway 46 involved in cellular signaling, metabolism, and disease mechanisms."
PATH0047,Biological Pathway 47,"Pathway 47 involved in cellular signaling, metabolism, and disease mechanisms."
PATH0048,Biological Pathway 48,"Pathway 48 involved in cellular signaling, metabolism, and disease mechanisms."
PATH0049,Biological Pathway 49,"Pathway 49 involved in cellular signaling, metabolism, and disease mechanisms."
PATH0050,Biological Pathway 50,"Pathway 50 involved in cellular signaling, metabolism, and disease mechanisms."
PATH0051,Biological Pathway 51,"Pathway 51 involved in cellular signaling, metabolism, and disease mechanisms."
PATH0052,Biological Pathway 52,"Pathway 52 involved in cellular signaling, metabolism, and disease mechanisms."
PATH0053,Biological Pathway 53,"Pathway 53 involved in cellular signaling, metabolism, and disease mechanisms."
PATH0054,Biological Pathway 54,"Pathway 54 involved in cellular signaling, metabolism, and disease mechanisms."
PATH0055,Biological Pathway 55,"Pathway 55 involved in cellular signaling, metabolism, and disease mechanisms."
PATH0056,Biological Pathway 56,"Pathway 56 involved in cellular signaling, metabolism, and disease mechanisms."
PATH0057,Biological Pathway 57,"Pathway 57 involved in cellular signaling, metabolism, and disease mechanisms."
PATH0058,Biological Pathway 58,"Pathway 58 involved in cellular signaling, metabolism, and disease mechanisms."
PATH0059,Biological Pathway 59,"Pathway 59 involved in cellular signaling, metabolism, and disease mechanisms."
PATH0060,Biological Pathway 60,"Pathway 60 involved in cellular signaling, metabolism, and disease mechanisms."
PATH0061,Biological Pathway 61,"Pathway 61 involved in cellular signaling, metabolism, and disease mechanisms."
PATH0062,Biological Pathway 62,"Pathway 62 involved in cellular signaling, metabolism, and disease mechanisms."
PATH0063,Biological Pathway 63,"Pathway 63 involved in cellular signaling, metabolism, and disease mechanisms."
PATH0064,Biological Pathway 64,"Pathway 64 involved in cellular signaling, metabolism, and disease mechanisms."
PATH0065,Biological Pathway 65,"Pathway 65 involved in cellular signaling, metabolism, and disease mechanisms."
PATH0066,Biological Pathway 66,"Pathway 66 involved in cellular signaling, metabolism, and disease mechanisms."
PATH0067,Biological Pathway 67,"Pathway 67 involved in cellular signaling, metabolism, and disease mechanisms."
PATH0068,Biological Pathway 68,"Pathway 68 involved in cellular signaling, metabolism, and disease mechanisms."
PATH0069,Biological Pathway 69,"Pathway 69 involved in cellular signaling, metabolism, and disease mechanisms."
PATH0070,Biological Pathway 70,"Pathway 70 involved in cellular signaling, metabolism, and disease mechanisms."
PATH0071,Biological Pathway 71,"Pathway 71 involved in cellular signaling, metabolism, and disease mechanisms."
PATH0072,Biological Pathway 72,"Pathway 72 involved in cellular signaling, metabolism, and disease mechanisms."
PATH0073,Biological Pathway 73,"Pathway 73 involved in cellular signaling, metabolism, and disease mechanisms."
PATH0074,Biological Pathway 74,"Pathway 74 involved in cellular signaling, metabolism, and disease mechanisms."
PATH0075,Biological Pathway 75,"Pathway 75 involved in cellular signaling, metabolism, and disease mechanisms."
PATH0076,Biological Pathway 76,"Pathway 76 involved in cellular signaling, metabolism, and disease mechanisms."
PATH0077,Biological Pathway 77,"Pathway 77 involved in cellular signaling, metabolism, and disease mechanisms."
PATH0078,Biological Pathway 78,"Pathway 78 involved in cellular signaling, metabolism, and disease mechanisms."
PATH0079,Biological Pathway 79,"Pathway 79 involved in cellular signaling, metabolism, and disease mechanisms."
PATH0080,Biological Pathway 80,"Pathway 80 involved in cellular signaling, metabolism, and disease mechanisms."
PATH0081,Biological Pathway 81,"Pathway 81 involved in cellular signaling, metabolism, and disease mechanisms."
PATH0082,Biological Pathway 82,"Pathway 82 involved in cellular signaling, metabolism, and disease mechanisms."
PATH0083,Biological Pathway 83,"Pathway 83 involved in cellular signaling, metabolism, and disease mechanisms."
PATH0084,Biological Pathway 84,"Pathway 84 involved in cellular signaling, metabolism, and disease mechanisms."
PATH0085,Biological Pathway 85,"Pathway 85 involved in cellular signaling, metabolism, and disease mechanisms."
PATH0086,Biological Pathway 86,"Pathway 86 involved in cellular signaling, metabolism, and disease mechanisms."
PATH0087,Biological Pathway 87,"Pathway 87 involved in cellular signaling, metabolism, and disease mechanisms."
PATH0088,Biological Pathway 88,"Pathway 88 involved in cellular signaling, metabolism, and disease mechanisms."
PATH0089,Biological Pathway 89,"Pathway 89 involved in cellular signaling, metabolism, and disease mechanisms."
PATH0090,Biological Pathway 90,"Pathway 90 involved in cellular signaling, metabolism, and disease mechanisms."
PATH0091,Biological Pathway 91,"Pathway 91 involved in cellular signaling, metabolism, and disease mechanisms."
PATH0092,Biological Pathway 92,"Pathway 92 involved in cellular signaling, metabolism, and disease mechanisms."
PATH0093,Biological Pathway 93,"Pathway 93 involved in cellular signaling, metabolism, and disease mechanisms."
PATH0094,Biological Pathway 94,"Pathway 94 involved in cellular signaling, metabolism, and disease mechanisms."
PATH0095,Biological Pathway 95,"Pathway 95 involved in cellular signaling, metabolism, and disease mechanisms."
PATH0096,Biological Pathway 96,"Pathway 96 involved in cellular signaling, metabolism, and disease mechanisms."
PATH0097,Biological Pathway 97,"Pathway 97 involved in cellular signaling, metabolism, and disease mechanisms."
PATH0098,Biological Pathway 98,"Pathway 98 involved in cellular signaling, metabolism, and disease mechanisms."
PATH0099,Biological Pathway 99,"Pathway 99 involved in cellular signaling, metabolism, and disease mechanisms."
PATH0100,Biological Pathway 100,"Pathway 100 involved in cellular signaling, metabolism, and disease mechanisms."
PATH0101,Biological Pathway 101,"Pathway 101 involved in cellular signaling, metabolism, and disease mechanisms."
PATH0102,Biological Pathway 102,"Pathway 102 involved in cellular signaling, metabolism, and disease mechanisms."
PATH0103,Biological Pathway 103,"Pathway 103 involved in cellular signaling, metabolism, and disease mechanisms."
PATH0104,Biological Pathway 104,"Pathway 104 involved in cellular signaling, metabolism, and disease mechanisms."
PATH0105,Biological Pathway 105,"Pathway 105 involved in cellular signaling, metabolism, and disease mechanisms."
PATH0106,Biological Pathway 106,"Pathway 106 involved in cellular signaling, metabolism, and disease mechanisms."
PATH0107,Biological Pathway 107,"Pathway 107 involved in cellular signaling, metabolism, and disease mechanisms."
PATH0108,Biological Pathway 108,"Pathway 108 involved in cellular signaling, metabolism, and disease mechanisms."
PATH0109,Biological Pathway 109,"Pathway 109 involved in cellular signaling, metabolism, and disease mechanisms."
PATH0110,Biological Pathway 110,"Pathway 110 involved in cellular signaling, metabolism, and disease mechanisms."
PATH0111,Biological Pathway 111,"Pathway 111 involved in cellular signaling, metabolism, and disease mechanisms."
PATH0112,Biological Pathway 112,"Pathway 112 involved in cellular signaling, metabolism, and disease mechanisms."
PATH0113,Biological Pathway 113,"Pathway 113 involved in cellular signaling, metabolism, and disease mechanisms."
PATH0114,Biological Pathway 114,"Pathway 114 involved in cellular signaling, metabolism, and disease mechanisms."
PATH0115,Biological Pathway 115,"Pathway 115 involved in cellular signaling, metabolism, and disease mechanisms."
PATH0116,Biological Pathway 116,"Pathway 116 involved in cellular signaling, metabolism, and disease mechanisms."
PATH0117,Biological Pathway 117,"Pathway 117 involved in cellular signaling, metabolism, and disease mechanisms."
PATH0118,Biological Pathway 118,"Pathway 118 involved in cellular signaling, metabolism, and disease mechanisms."
PATH0119,Biological Pathway 119,"Pathway 119 involved in cellular signaling, metabolism, and disease mechanisms."
PATH0120,Biological Pathway 120,"Pathway 120 involved in cellular signaling, metabolism, and disease mechanisms."
PATH0121,Biological Pathway 121,"Pathway 121 involved in cellular signaling, metabolism, and disease mechanisms."
PATH0122,Biological Pathway 122,"Pathway 122 involved in cellular signaling, metabolism, and disease mechanisms."
PATH0123,Biological Pathway 123,"Pathway 123 involved in cellular signaling, metabolism, and disease mechanisms."
PATH0124,Biological Pathway 124,"Pathway 124 involved in cellular signaling, metabolism, and disease mechanisms."
PATH0125,Biological Pathway 125,"Pathway 125 involved in cellular signaling, metabolism, and disease mechanisms."
PATH0126,Biological Pathway 126,"Pathway 126 involved in cellular signaling, metabolism, and disease mechanisms."
PATH0127,Biological Pathway 127,"Pathway 127 involved in cellular signaling, metabolism, and disease mechanisms."
PATH0128,Biological Pathway 128,"Pathway 128 involved in cellular signaling, metabolism, and disease mechanisms."
PATH0129,Biological Pathway 129,"Pathway 129 involved in cellular signaling, metabolism, and disease mechanisms."
PATH0130,Biological Pathway 130,"Pathway 130 involved in cellular signaling, metabolism, and disease mechanisms."
PATH0131,Biological Pathway 131,"Pathway 131 involved in cellular signaling, metabolism, and disease mechanisms."
PATH0132,Biological Pathway 132,"Pathway 132 involved in cellular signaling, metabolism, and disease mechanisms."
PATH0133,Biological Pathway 133,"Pathway 133 involved in cellular signaling, metabolism, and disease mechanisms."
PATH0134,Biological Pathway 134,"Pathway 134 involved in cellular signaling, metabolism, and disease mechanisms."
PATH0135,Biological Pathway 135,"Pathway 135 involved in cellular signaling, metabolism, and disease mechanisms."
PATH0136,Biological Pathway 136,"Pathway 136 involved in cellular signaling, metabolism, and disease mechanisms."
PATH0137,Biological Pathway 137,"Pathway 137 involved in cellular signaling, metabolism, and disease mechanisms."
PATH0138,Biological Pathway 138,"Pathway 138 involved in cellular signaling, metabolism, and disease mechanisms."
PATH0139,Biological Pathway 139,"Pathway 139 involved in cellular signaling, metabolism, and disease mechanisms."
PATH0140,Biological Pathway 140,"Pathway 140 involved in cellular signaling, metabolism, and disease mechanisms."
PATH0141,Biological Pathway 141,"Pathway 141 involved in cellular signaling, metabolism, and disease mechanisms."
PATH0142,Biological Pathway 142,"Pathway 142 involved in cellular signaling, metabolism, and disease mechanisms."
PATH0143,Biological Pathway 143,"Pathway 143 involved in cellular signaling, metabolism, and disease mechanisms."
PATH0144,Biological Pathway 144,"Pathway 144 involved in cellular signaling, metabolism, and disease mechanisms."
PATH0145,Biological Pathway 145,"Pathway 145 involved in cellular signaling, metabolism, and disease mechanisms."
PATH0146,Biological Pathway 146,"Pathway 146 involved in cellular signaling, metabolism, and disease mechanisms."
PATH0147,Biological Pathway 147,"Pathway 147 involved in cellular signaling, metabolism, and disease mechanisms."
PATH0148,Biological Pathway 148,"Pathway 148 involved in cellular signaling, metabolism, and disease mechanisms."
PATH0149,Biological Pathway 149,"Pathway 149 involved in cellular signaling, metabolism, and disease mechanisms."
PATH0150,Biological Pathway 150,"Pathway 150 involved in cellular signaling, metabolism, and disease mechanisms."
PATH0151,Biological Pathway 151,"Pathway 151 involved in cellular signaling, metabolism, and disease mechanisms."
PATH0152,Biological Pathway 152,"Pathway 152 involved in cellular signaling, metabolism, and disease mechanisms."
PATH0153,Biological Pathway 153,"Pathway 153 involved in cellular signaling, metabolism, and disease mechanisms."
PATH0154,Biological Pathway 154,"Pathway 154 involved in cellular signaling, metabolism, and disease mechanisms."
PATH0155,Biological Pathway 155,"Pathway 155 involved in cellular signaling, metabolism, and disease mechanisms."
PATH0156,Biological Pathway 156,"Pathway 156 involved in cellular signaling, metabolism, and disease mechanisms."
PATH0157,Biological Pathway 157,"Pathway 157 involved in cellular signaling, metabolism, and disease mechanisms."
PATH0158,Biological Pathway 158,"Pathway 158 involved in cellular signaling, metabolism, and disease mechanisms."
PATH0159,Biological Pathway 159,"Pathway 159 involved in cellular signaling, metabolism, and disease mechanisms."
PATH0160,Biological Pathway 160,"Pathway 160 involved in cellular signaling, metabolism, and disease mechanisms."
PATH0161,Biological Pathway 161,"Pathway 161 involved in cellular signaling, metabolism, and disease mechanisms."
PATH0162,Biological Pathway 162,"Pathway 162 involved in cellular signaling, metabolism, and disease mechanisms."
PATH0163,Biological Pathway 163,"Pathway 163 involved in cellular signaling, metabolism, and disease mechanisms."
PATH0164,Biological Pathway 164,"Pathway 164 involved in cellular signaling, metabolism, and disease mechanisms."
PATH0165,Biological Pathway 165,"Pathway 165 involved in cellular signaling, metabolism, and disease mechanisms."
PATH0166,Biological Pathway 166,"Pathway 166 involved in cellular signaling, metabolism, and disease mechanisms."
PATH0167,Biological Pathway 167,"Pathway 167 involved in cellular signaling, metabolism, and disease mechanisms."
PATH0168,Biological Pathway 168,"Pathway 168 involved in cellular signaling, metabolism, and disease mechanisms."
PATH0169,Biological Pathway 169,"Pathway 169 involved in cellular signaling, metabolism, and disease mechanisms."
PATH0170,Biological Pathway 170,"Pathway 170 involved in cellular signaling, metabolism, and disease mechanisms."
PATH0171,Biological Pathway 171,"Pathway 171 involved in cellular signaling, metabolism, and disease mechanisms."
PATH0172,Biological Pathway 172,"Pathway 172 involved in cellular signaling, metabolism, and disease mechanisms."
PATH0173,Biological Pathway 173,"Pathway 173 involved in cellular signaling, metabolism, and disease mechanisms."
PATH0174,Biological Pathway 174,"Pathway 174 involved in cellular signaling, metabolism, and disease mechanisms."
PATH0175,Biological Pathway 175,"Pathway 175 involved in cellular signaling, metabolism, and disease mechanisms."
PATH0176,Biological Pathway 176,"Pathway 176 involved in cellular signaling, metabolism, and disease mechanisms."
PATH0177,Biological Pathway 177,"Pathway 177 involved in cellular signaling, metabolism, and disease mechanisms."
PATH0178,Biological Pathway 178,"Pathway 178 involved in cellular signaling, metabolism, and disease mechanisms."
PATH0179,Biological Pathway 179,"Pathway 179 involved in cellular signaling, metabolism, and disease mechanisms."
PATH0180,Biological Pathway 180,"Pathway 180 involved in cellular signaling, metabolism, and disease mechanisms."
PATH0181,Biological Pathway 181,"Pathway 181 involved in cellular signaling, metabolism, and disease mechanisms."
PATH0182,Biological Pathway 182,"Pathway 182 involved in cellular signaling, metabolism, and disease mechanisms."
PATH0183,Biological Pathway 183,"Pathway 183 involved in cellular signaling, metabolism, and disease mechanisms."
PATH0184,Biological Pathway 184,"Pathway 184 involved in cellular signaling, metabolism, and disease mechanisms."
PATH0185,Biological Pathway 185,"Pathway 185 involved in cellular signaling, metabolism, and disease mechanisms."
PATH0186,Biological Pathway 186,"Pathway 186 involved in cellular signaling, metabolism, and disease mechanisms."
PATH0187,Biological Pathway 187,"Pathway 187 involved in cellular signaling, metabolism, and disease mechanisms."
PATH0188,Biological Pathway 188,"Pathway 188 involved in cellular signaling, metabolism, and disease mechanisms."
PATH0189,Biological Pathway 189,"Pathway 189 involved in cellular signaling, metabolism, and disease mechanisms."
PATH0190,Biological Pathway 190,"Pathway 190 involved in cellular signaling, metabolism, and disease mechanisms."
PATH0191,Biological Pathway 191,"Pathway 191 involved in cellular signaling, metabolism, and disease mechanisms."
PATH0192,Biological Pathway 192,"Pathway 192 involved in cellular signaling, metabolism, and disease mechanisms."
PATH0193,Biological Pathway 193,"Pathway 193 involved in cellular signaling, metabolism, and disease mechanisms."
PATH0194,Biological Pathway 194,"Pathway 194 involved in cellular signaling, metabolism, and disease mechanisms."
PATH0195,Biological Pathway 195,"Pathway 195 involved in cellular signaling, metabolism, and disease mechanisms."
PATH0196,Biological Pathway 196,"Pathway 196 involved in cellular signaling, metabolism, and disease mechanisms."
PATH0197,Biological Pathway 197,"Pathway 197 involved in cellular signaling, metabolism, and disease mechanisms."
PATH0198,Biological Pathway 198,"Pathway 198 involved in cellular signaling, metabolism, and disease mechanisms."
PATH0199,Biological Pathway 199,"Pathway 199 involved in cellular signaling, metabolism, and disease mechanisms."
PATH0200,Biological Pathway 200,"Pathway 200 involved in cellular signaling, metabolism, and disease mechanisms."
PATH0201,Biological Pathway 201,"Pathway 201 involved in cellular signaling, metabolism, and disease mechanisms."
PATH0202,Biological Pathway 202,"Pathway 202 involved in cellular signaling, metabolism, and disease mechanisms."
PATH0203,Biological Pathway 203,"Pathway 203 involved in cellular signaling, metabolism, and disease mechanisms."
PATH0204,Biological Pathway 204,"Pathway 204 involved in cellular signaling, metabolism, and disease mechanisms."
PATH0205,Biological Pathway 205,"Pathway 205 involved in cellular signaling, metabolism, and disease mechanisms."
PATH0206,Biological Pathway 206,"Pathway 206 involved in cellular signaling, metabolism, and disease mechanisms."
PATH0207,Biological Pathway 207,"Pathway 207 involved in cellular signaling, metabolism, and disease mechanisms."
PATH0208,Biological Pathway 208,"Pathway 208 involved in cellular signaling, metabolism, and disease mechanisms."
PATH0209,Biological Pathway 209,"Pathway 209 involved in cellular signaling, metabolism, and disease mechanisms."
PATH0210,Biological Pathway 210,"Pathway 210 involved in cellular signaling, metabolism, and disease mechanisms."
PATH0211,Biological Pathway 211,"Pathway 211 involved in cellular signaling, metabolism, and disease mechanisms."
PATH0212,Biological Pathway 212,"Pathway 212 involved in cellular signaling, metabolism, and disease mechanisms."
PATH0213,Biological Pathway 213,"Pathway 213 involved in cellular signaling, metabolism, and disease mechanisms."
PATH0214,Biological Pathway 214,"Pathway 214 involved in cellular signaling, metabolism, and disease mechanisms."
PATH0215,Biological Pathway 215,"Pathway 215 involved in cellular signaling, metabolism, and disease mechanisms."
PATH0216,Biological Pathway 216,"Pathway 216 involved in cellular signaling, metabolism, and disease mechanisms."
PATH0217,Biological Pathway 217,"Pathway 217 involved in cellular signaling, metabolism, and disease mechanisms."
PATH0218,Biological Pathway 218,"Pathway 218 involved in cellular signaling, metabolism, and disease mechanisms."
PATH0219,Biological Pathway 219,"Pathway 219 involved in cellular signaling, metabolism, and disease mechanisms."
PATH0220,Biological Pathway 220,"Pathway 220 involved in cellular signaling, metabolism, and disease mechanisms."
PATH0221,Biological Pathway 221,"Pathway 221 involved in cellular signaling, metabolism, and disease mechanisms."
PATH0222,Biological Pathway 222,"Pathway 222 involved in cellular signaling, metabolism, and disease mechanisms."
PATH0223,Biological Pathway 223,"Pathway 223 involved in cellular signaling, metabolism, and disease mechanisms."
PATH0224,Biological Pathway 224,"Pathway 224 involved in cellular signaling, metabolism, and disease mechanisms."
PATH0225,Biological Pathway 225,"Pathway 225 involved in cellular signaling, metabolism, and disease mechanisms."
PATH0226,Biological Pathway 226,"Pathway 226 involved in cellular signaling, metabolism, and disease mechanisms."
PATH0227,Biological Pathway 227,"Pathway 227 involved in cellular signaling, metabolism, and disease mechanisms."
PATH0228,Biological Pathway 228,"Pathway 228 involved in cellular signaling, metabolism, and disease mechanisms."
PATH0229,Biological Pathway 229,"Pathway 229 involved in cellular signaling, metabolism, and disease mechanisms."
PATH0230,Biological Pathway 230,"Pathway 230 involved in cellular signaling, metabolism, and disease mechanisms."
PATH0231,Biological Pathway 231,"Pathway 231 involved in cellular signaling, metabolism, and disease mechanisms."
PATH0232,Biological Pathway 232,"Pathway 232 involved in cellular signaling, metabolism, and disease mechanisms."
PATH0233,Biological Pathway 233,"Pathway 233 involved in cellular signaling, metabolism, and disease mechanisms."
PATH0234,Biological Pathway 234,"Pathway 234 involved in cellular signaling, metabolism, and disease mechanisms."
PATH0235,Biological Pathway 235,"Pathway 235 involved in cellular signaling, metabolism, and disease mechanisms."
PATH0236,Biological Pathway 236,"Pathway 236 involved in cellular signaling, metabolism, and disease mechanisms."
PATH0237,Biological Pathway 237,"Pathway 237 involved in cellular signaling, metabolism, and disease mechanisms."
PATH0238,Biological Pathway 238,"Pathway 238 involved in cellular signaling, metabolism, and disease mechanisms."
PATH0239,Biological Pathway 239,"Pathway 239 involved in cellular signaling, metabolism, and disease mechanisms."
PATH0240,Biological Pathway 240,"Pathway 240 involved in cellular signaling, metabolism, and disease mechanisms."
PATH0241,Biological Pathway 241,"Pathway 241 involved in cellular signaling, metabolism, and disease mechanisms."
PATH0242,Biological Pathway 242,"Pathway 242 involved in cellular signaling, metabolism, and disease mechanisms."
PATH0243,Biological Pathway 243,"Pathway 243 involved in cellular signaling, metabolism, and disease mechanisms."
PATH0244,Biological Pathway 244,"Pathway 244 involved in cellular signaling, metabolism, and disease mechanisms."
PATH0245,Biological Pathway 245,"Pathway 245 involved in cellular signaling, metabolism, and disease mechanisms."
PATH0246,Biological Pathway 246,"Pathway 246 involved in cellular signaling, metabolism, and disease mechanisms."
PATH0247,Biological Pathway 247,"Pathway 247 involved in cellular signaling, metabolism, and disease mechanisms."
PATH0248,Biological Pathway 248,"Pathway 248 involved in cellular signaling, metabolism, and disease mechanisms."
PATH0249,Biological Pathway 249,"Pathway 249 involved in cellular signaling, metabolism, and disease mechanisms."
PATH0250,Biological Pathway 250,"Pathway 250 involved in cellular signaling, metabolism, and disease mechanisms."
PATH0251,Biological Pathway 251,"Pathway 251 involved in cellular signaling, metabolism, and disease mechanisms."
PATH0252,Biological Pathway 252,"Pathway 252 involved in cellular signaling, metabolism, and disease mechanisms."
PATH0253,Biological Pathway 253,"Pathway 253 involved in cellular signaling, metabolism, and disease mechanisms."
PATH0254,Biological Pathway 254,"Pathway 254 involved in cellular signaling, metabolism, and disease mechanisms."
PATH0255,Biological Pathway 255,"Pathway 255 involved in cellular signaling, metabolism, and disease mechanisms."
PATH0256,Biological Pathway 256,"Pathway 256 involved in cellular signaling, metabolism, and disease mechanisms."
PATH0257,Biological Pathway 257,"Pathway 257 involved in cellular signaling, metabolism, and disease mechanisms."
PATH0258,Biological Pathway 258,"Pathway 258 involved in cellular signaling, metabolism, and disease mechanisms."
PATH0259,Biological Pathway 259,"Pathway 259 involved in cellular signaling, metabolism, and disease mechanisms."
PATH0260,Biological Pathway 260,"Pathway 260 involved in cellular signaling, metabolism, and disease mechanisms."
PATH0261,Biological Pathway 261,"Pathway 261 involved in cellular signaling, metabolism, and disease mechanisms."
PATH0262,Biological Pathway 262,"Pathway 262 involved in cellular signaling, metabolism, and disease mechanisms."
PATH0263,Biological Pathway 263,"Pathway 263 involved in cellular signaling, metabolism, and disease mechanisms."
PATH0264,Biological Pathway 264,"Pathway 264 involved in cellular signaling, metabolism, and disease mechanisms."
PATH0265,Biological Pathway 265,"Pathway 265 involved in cellular signaling, metabolism, and disease mechanisms."
PATH0266,Biological Pathway 266,"Pathway 266 involved in cellular signaling, metabolism, and disease mechanisms."
PATH0267,Biological Pathway 267,"Pathway 267 involved in cellular signaling, metabolism, and disease mechanisms."
PATH0268,Biological Pathway 268,"Pathway 268 involved in cellular signaling, metabolism, and disease mechanisms."
PATH0269,Biological Pathway 269,"Pathway 269 involved in cellular signaling, metabolism, and disease mechanisms."
PATH0270,Biological Pathway 270,"Pathway 270 involved in cellular signaling, metabolism, and disease mechanisms."
PATH0271,Biological Pathway 271,"Pathway 271 involved in cellular signaling, metabolism, and disease mechanisms."
PATH0272,Biological Pathway 272,"Pathway 272 involved in cellular signaling, metabolism, and disease mechanisms."
PATH0273,Biological Pathway 273,"Pathway 273 involved in cellular signaling, metabolism, and disease mechanisms."
PATH0274,Biological Pathway 274,"Pathway 274 involved in cellular signaling, metabolism, and disease mechanisms."
PATH0275,Biological Pathway 275,"Pathway 275 involved in cellular signaling, metabolism, and disease mechanisms."
PATH0276,Biological Pathway 276,"Pathway 276 involved in cellular signaling, metabolism, and disease mechanisms."
PATH0277,Biological Pathway 277,"Pathway 277 involved in cellular signaling, metabolism, and disease mechanisms."
PATH0278,Biological Pathway 278,"Pathway 278 involved in cellular signaling, metabolism, and disease mechanisms."
PATH0279,Biological Pathway 279,"Pathway 279 involved in cellular signaling, metabolism, and disease mechanisms."
PATH0280,Biological Pathway 280,"Pathway 280 involved in cellular signaling, metabolism, and disease mechanisms."
PATH0281,Biological Pathway 281,"Pathway 281 involved in cellular signaling, metabolism, and disease mechanisms."
PATH0282,Biological Pathway 282,"Pathway 282 involved in cellular signaling, metabolism, and disease mechanisms."
PATH0283,Biological Pathway 283,"Pathway 283 involved in cellular signaling, metabolism, and disease mechanisms."
PATH0284,Biological Pathway 284,"Pathway 284 involved in cellular signaling, metabolism, and disease mechanisms."
PATH0285,Biological Pathway 285,"Pathway 285 involved in cellular signaling, metabolism, and disease mechanisms."
PATH0286,Biological Pathway 286,"Pathway 286 involved in cellular signaling, metabolism, and disease mechanisms."
PATH0287,Biological Pathway 287,"Pathway 287 involved in cellular signaling, metabolism, and disease mechanisms."
PATH0288,Biological Pathway 288,"Pathway 288 involved in cellular signaling, metabolism, and disease mechanisms."
PATH0289,Biological Pathway 289,"Pathway 289 involved in cellular signaling, metabolism, and disease mechanisms."
PATH0290,Biological Pathway 290,"Pathway 290 involved in cellular signaling, metabolism, and disease mechanisms."
PATH0291,Biological Pathway 291,"Pathway 291 involved in cellular signaling, metabolism, and disease mechanisms."
PATH0292,Biological Pathway 292,"Pathway 292 involved in cellular signaling, metabolism, and disease mechanisms."
PATH0293,Biological Pathway 293,"Pathway 293 involved in cellular signaling, metabolism, and disease mechanisms."
PATH0294,Biological Pathway 294,"Pathway 294 involved in cellular signaling, metabolism, and disease mechanisms."
PATH0295,Biological Pathway 295,"Pathway 295 involved in cellular signaling, metabolism, and disease mechanisms."
PATH0296,Biological Pathway 296,"Pathway 296 involved in cellular signaling, metabolism, and disease mechanisms."
PATH0297,Biological Pathway 297,"Pathway 297 involved in cellular signaling, metabolism, and disease mechanisms."
PATH0298,Biological Pathway 298,"Pathway 298 involved in cellular signaling, metabolism, and disease mechanisms."
PATH0299,Biological Pathway 299,"Pathway 299 involved in cellular signaling, metabolism, and disease mechanisms."
PATH0300,Biological Pathway 300,"Pathway 300 involved in cellular signaling, metabolism, and disease mechanisms."
